<!DOCTYPE hibernate-mapping PUBLIC "-//Hibernate/Hibernate Mapping DTD 3.0//EN" "http://hibernate.sourceforge.net/hibernate-mapping-3.0.dtd">
<hibernate-mapping>
    <class name="com.aprendoz_desarrollodb.data.InscCursoAsigCopy" table="Insc_Curso_Asig_copy" catalog="aprendoz_desarrollo" dynamic-insert="false" dynamic-update="false">
        <id name="idInscCursoAsig" type="long">
            <column name="Id_Insc_Curso_Asig"/>
            <generator class="identity"/>
        </id>
        <many-to-one name="curso" class="com.aprendoz_desarrollodb.data.Curso">
            <column name="Curso_Id_Curso" not-null="true"/>
        </many-to-one>
        <many-to-one name="asignatura" class="com.aprendoz_desarrollodb.data.Asignatura">
            <column name="Asignatura_Id_Asignatura" not-null="true"/>
        </many-to-one>
        <many-to-one name="persona" class="com.aprendoz_desarrollodb.data.Persona">
            <column name="Persona_Id_Persona" not-null="true"/>
        </many-to-one>
        <many-to-one name="periodo" class="com.aprendoz_desarrollodb.data.Periodo">
            <column name="Periodo_Id_Periodo" not-null="true"/>
        </many-to-one>
    </class>
</hibernate-mapping>