<!DOCTYPE hibernate-mapping PUBLIC "-//Hibernate/Hibernate Mapping DTD 3.0//EN" "http://hibernate.sourceforge.net/hibernate-mapping-3.0.dtd">
<hibernate-mapping>
    <class name="com.aprendoz_desarrollodb.data.SecretariaEquivalenciaNotas" table="secretaria_equivalencia_notas" catalog="aprendoz_desarrollo" dynamic-insert="false" dynamic-update="false">
        <id name="idSecretariaEquivalenciaNotas" type="integer">
            <column name="id_secretaria_equivalencia_notas"/>
            <generator class="identity"/>
        </id>
        <property name="calificacion" type="string">
            <column name="calificacion" not-null="true"/>
        </property>
        <property name="qualification" type="string">
            <column name="qualification" length="20" not-null="true"/>
        </property>
        <property name="puntaje" type="double">
            <column name="puntaje" precision="11" not-null="true"/>
        </property>
        <property name="fechaCreacion" type="timestamp">
            <column name="fecha_creacion" length="19" not-null="true"/>
        </property>
        <property name="fechaActualizacion" type="timestamp">
            <column name="fecha_actualizacion" length="19" not-null="true"/>
        </property>
        <many-to-one name="sy" class="com.aprendoz_desarrollodb.data.Sy">
            <column name="sy_id_sy" not-null="true"/>
        </many-to-one>
    </class>
</hibernate-mapping>