<!DOCTYPE hibernate-mapping PUBLIC "-//Hibernate/Hibernate Mapping DTD 3.0//EN" "http://hibernate.sourceforge.net/hibernate-mapping-3.0.dtd">
<hibernate-mapping>
    <class name="com.aprendoz_desarrollodb.data.TablaAnticiposMatriculas" table="tabla_anticipos_matriculas" catalog="aprendoz_desarrollo" dynamic-insert="false" dynamic-update="false">
        <composite-id name="id" class="com.aprendoz_desarrollodb.data.TablaAnticiposMatriculasId">
            <key-property name="id" type="integer">
                <column name="id"/>
            </key-property>
            <key-property name="codigoest" type="string">
                <column name="codigoest"/>
            </key-property>
            <key-property name="codigoprod" type="string">
                <column name="codigoprod"/>
            </key-property>
            <key-property name="nombre" type="string">
                <column name="nombre"/>
            </key-property>
            <key-property name="valor" type="double">
                <column name="valor" precision="22"/>
            </key-property>
        </composite-id>
    </class>
</hibernate-mapping>