<!DOCTYPE hibernate-mapping PUBLIC "-//Hibernate/Hibernate Mapping DTD 3.0//EN" "http://hibernate.sourceforge.net/hibernate-mapping-3.0.dtd">
<hibernate-mapping>
    <class name="com.aprendoz_desarrollodb.data.Anticiposfact050814" table="anticiposfact050814" catalog="aprendoz_desarrollo" dynamic-insert="false" dynamic-update="false">
        <id name="codigo" type="string">
            <column name="codigo"/>
            <generator class="assigned"/>
        </id>
        <property name="pension" type="double">
            <column name="pension" precision="22" not-null="true"/>
        </property>
        <property name="alimentacion" type="double">
            <column name="alimentacion" precision="22" not-null="true"/>
        </property>
        <property name="transporte" type="double">
            <column name="transporte" precision="22" not-null="true"/>
        </property>
        <property name="totalAnticipos" type="double">
            <column name="total_anticipos" precision="22" not-null="true"/>
        </property>
    </class>
</hibernate-mapping>