<!DOCTYPE hibernate-mapping PUBLIC "-//Hibernate/Hibernate Mapping DTD 3.0//EN" "http://hibernate.sourceforge.net/hibernate-mapping-3.0.dtd">
<hibernate-mapping>
    <meta attribute="@design.default-queries"/>
    <query name="getPeopleInfoCombined">
        <query-param name="search" type="java.lang.String"/>
        SELECT p.codigo as codigo, CONCAT(p.apellido1,&apos; &apos;,p.apellido2,&apos; &apos;,p.nombre1,&apos; &apos;,p.nombre2) as nombreCompleto, p.idPersona as idpersona
FROM Persona as p
WHERE
CONCAT(p.apellido1,&apos; &apos;,p.apellido2,&apos; &apos;,p.nombre1,&apos; &apos;,p.nombre2) LIKE &apos;%&apos; || :search || &apos;%&apos; OR
CONCAT(p.apellido2,&apos; &apos;,p.apellido1,&apos; &apos;,p.nombre1,&apos; &apos;,p.nombre2) LIKE &apos;%&apos; || :search || &apos;%&apos; OR
CONCAT(p.apellido2,&apos; &apos;,p.apellido1,&apos; &apos;,p.nombre2,&apos; &apos;,p.nombre1) LIKE &apos;%&apos; || :search || &apos;%&apos; OR
CONCAT(p.apellido1,&apos; &apos;,p.apellido2,&apos; &apos;,p.nombre2,&apos; &apos;,p.nombre1) LIKE &apos;%&apos; || :search || &apos;%&apos; OR
CONCAT(p.nombre1,&apos; &apos;,p.nombre2,&apos; &apos;,p.apellido1,&apos; &apos;,p.apellido2) LIKE &apos;%&apos; || :search || &apos;%&apos; OR
CONCAT(p.nombre1,&apos; &apos;,p.nombre2,&apos; &apos;,p.apellido1,&apos; &apos;,p.apellido2) LIKE &apos;%&apos; || :search || &apos;%&apos; OR
CONCAT(p.nombre2,&apos; &apos;,p.nombre1,&apos; &apos;,p.apellido1,&apos; &apos;,p.apellido2) LIKE &apos;%&apos; || :search || &apos;%&apos; OR
CONCAT(p.nombre2,&apos; &apos;,p.nombre1,&apos; &apos;,p.apellido2,&apos; &apos;,p.apellido1) LIKE &apos;%&apos; || :search || &apos;%&apos; OR
CONCAT(p.apellido1,&apos; &apos;,p.nombre1,&apos; &apos;,p.apellido2,&apos; &apos;,p.nombre2) LIKE &apos;%&apos; || :search || &apos;%&apos; OR
CONCAT(p.apellido1,&apos; &apos;,p.nombre1,&apos; &apos;,p.nombre2,&apos; &apos;,p.apellido2) LIKE &apos;%&apos; || :search || &apos;%&apos; OR
CONCAT(p.nombre1,&apos; &apos;,p.apellido1,&apos; &apos;,p.apellido2,&apos; &apos;,p.nombre2) LIKE &apos;%&apos; || :search || &apos;%&apos; OR
CONCAT(p.apellido1,&apos; &apos;,p.nombre2,&apos; &apos;,p.apellido2,&apos; &apos;,p.nombre1) LIKE &apos;%&apos; || :search || &apos;%&apos; OR
CONCAT(p.apellido1,&apos; &apos;,p.apellido2,&apos; &apos;,p.nombre1,&apos; &apos;,p.nombre2) LIKE &apos;%&apos; || :search || &apos;%&apos; OR
CONCAT(p.nombre1,&apos; &apos;,p.apellido1,&apos; &apos;,p.nombre2,&apos; &apos;,p.apellido2) LIKE &apos;%&apos; || :search || &apos;%&apos; OR
CONCAT(p.apellido2,&apos; &apos;,p.nombre2,&apos; &apos;,p.apellido1,&apos; &apos;,p.nombre1) LIKE &apos;%&apos; || :search || &apos;%&apos; OR
CONCAT(p.apellido2,&apos; &apos;,p.nombre2,&apos; &apos;,p.nombre1,&apos; &apos;,p.apellido1) LIKE &apos;%&apos; || :search || &apos;%&apos; OR
CONCAT(p.nombre2,&apos; &apos;,p.apellido2,&apos; &apos;,p.apellido1,&apos; &apos;,p.nombre1) LIKE &apos;%&apos; || :search || &apos;%&apos; OR
CONCAT(p.nombre2,&apos; &apos;,p.apellido2,&apos; &apos;,p.nombre1,&apos; &apos;,p.apellido1) LIKE &apos;%&apos; || :search || &apos;%&apos; OR
CONCAT(p.apellido1,&apos; &apos;,p.nombre1,&apos; &apos;,p.apellido2,&apos; &apos;,p.nombre2) LIKE &apos;%&apos; || :search || &apos;%&apos; OR
CONCAT(p.nombre1,&apos; &apos;,p.apellido2,&apos; &apos;,p.apellido1,&apos; &apos;,p.nombre2) LIKE &apos;%&apos; || :search || &apos;%&apos; OR
CONCAT(p.apellido2,&apos; &apos;,p.nombre2,&apos; &apos;,p.apellido1,&apos; &apos;,p.nombre1) LIKE &apos;%&apos; || :search || &apos;%&apos; OR
CONCAT(p.nombre2,&apos; &apos;,p.apellido1,&apos; &apos;,p.nombre1,&apos; &apos;,p.apellido2) LIKE &apos;%&apos; || :search || &apos;%&apos; OR
CONCAT(p.apellido1,&apos; &apos;,p.nombre2,&apos; &apos;,p.nombre1,&apos; &apos;,p.apellido2) LIKE &apos;%&apos; || :search || &apos;%&apos; OR
CONCAT(p.apellido2,&apos; &apos;,p.nombre1,&apos; &apos;,p.nombre2,&apos; &apos;,p.apellido1) LIKE &apos;%&apos; || :search || &apos;%&apos;
    </query>
    <query
        name="getTipoPersonaById"
        comment="Example HQL Query
                 @design.generated">
        <query-param name="id" type="java.lang.Integer"/>
        from TipoPersona _a where _a.id=:id
    </query>
    <query name="getterOne">
        <query-param name="f1" type="java.util.Date"/>
        SELECT
sy.idSy as idsy,
sy.schoolYear as sy,
DATE(sy.fechaDesde),
DATE(sy.fechaHasta)
FROM Sy sy
WHERE :f1 BETWEEN sy.fechaDesde AND sy.fechaHasta
    </query>
    <query name="getterSy">
        <query-param name="f1" type="java.util.Date"/>
        SELECT
sy.idSy as idsy,
sy.schoolYear as sy,
DATE(sy.fechaDesde),
DATE(sy.fechaHasta)
FROM Sy sy
WHERE :f1 BETWEEN sy.fechaDesde AND sy.fechaHasta
    </query>
    <query name="getDetailsUser">
        <query-param name="username" type="java.lang.String"/>
        SELECT p.nombreLdap as u, p.idPersona as id, p.clave as c
FROM Persona p
WHERE p.nombreLdap=:username
    </query>
</hibernate-mapping>