<!DOCTYPE hibernate-mapping PUBLIC "-//Hibernate/Hibernate Mapping DTD 3.0//EN" "http://hibernate.sourceforge.net/hibernate-mapping-3.0.dtd">
<hibernate-mapping>
    <class name="com.aprendoz_desarrollodb.data.Curso" table="Curso" catalog="aprendoz_desarrollo" dynamic-insert="false" dynamic-update="false">
        <id name="idCurso" type="integer">
            <column name="Id_Curso"/>
            <generator class="assigned"/>
        </id>
        <property name="curso" type="string">
            <column name="Curso" length="45"/>
        </property>
        <many-to-one name="grado" class="com.aprendoz_desarrollodb.data.Grado">
            <column name="Grado_Id_Grado"/>
        </many-to-one>
        <set name="inscCursoAsigs" inverse="true" cascade="">
            <key>
                <column name="Curso_Id_Curso" not-null="true"/>
            </key>
            <one-to-many class="com.aprendoz_desarrollodb.data.InscCursoAsig"/>
        </set>
        <set name="horarios" inverse="true" cascade="">
            <key>
                <column name="curso_id_curso" not-null="true"/>
            </key>
            <one-to-many class="com.aprendoz_desarrollodb.data.Horario"/>
        </set>
        <set name="coordinacionDeGrupos" inverse="true" cascade="">
            <key>
                <column name="Curso_Id_Curso" not-null="true"/>
            </key>
            <one-to-many class="com.aprendoz_desarrollodb.data.CoordinacionDeGrupo"/>
        </set>
        <set name="coordinadoreses" inverse="true" cascade="">
            <key>
                <column name="Curso_Id_Curso" not-null="true"/>
            </key>
            <one-to-many class="com.aprendoz_desarrollodb.data.Coordinadores"/>
        </set>
        <set name="inscAlumCursos" inverse="true" cascade="">
            <key>
                <column name="Curso_Id_Curso" not-null="true"/>
            </key>
            <one-to-many class="com.aprendoz_desarrollodb.data.InscAlumCurso"/>
        </set>
        <set name="sesions" inverse="true" cascade="">
            <key>
                <column name="Curso_Id_Curso" not-null="true"/>
            </key>
            <one-to-many class="com.aprendoz_desarrollodb.data.Sesion"/>
        </set>
        <set name="matriculas" inverse="true" cascade="">
            <key>
                <column name="Curso_Id_Curso" not-null="true"/>
            </key>
            <one-to-many class="com.aprendoz_desarrollodb.data.Matricula"/>
        </set>
        <set name="coordinacions" inverse="true" cascade="">
            <key>
                <column name="Curso_Id_Curso" not-null="true"/>
            </key>
            <one-to-many class="com.aprendoz_desarrollodb.data.Coordinacion"/>
        </set>
        <set name="inscCursoAsigCopies" inverse="true" cascade="">
            <key>
                <column name="Curso_Id_Curso" not-null="true"/>
            </key>
            <one-to-many class="com.aprendoz_desarrollodb.data.InscCursoAsigCopy"/>
        </set>
        <set name="inscCoordinadoresCursos" inverse="true" cascade="">
            <key>
                <column name="curso_id_curso" not-null="true"/>
            </key>
            <one-to-many class="com.aprendoz_desarrollodb.data.InscCoordinadoresCurso"/>
        </set>
    </class>
</hibernate-mapping>