<!DOCTYPE hibernate-mapping PUBLIC "-//Hibernate/Hibernate Mapping DTD 3.0//EN" "http://hibernate.sourceforge.net/hibernate-mapping-3.0.dtd">
<hibernate-mapping>
    <class name="com.aprendoz_desarrollodb.data.InscAlumAprendizaje" table="Insc_Alum_Aprendizaje" catalog="aprendoz_desarrollo" dynamic-insert="false" dynamic-update="false">
        <id name="idInscAlumAprendizaje" type="integer">
            <column name="Id_Insc_Alum_Aprendizaje"/>
            <generator class="identity"/>
        </id>
        <property name="fechaLogro" type="date">
            <column name="Fecha_Logro" length="10"/>
        </property>
        <property name="calificacion" type="string">
            <column name="Calificacion" length="30" not-null="true"/>
        </property>
        <property name="calificacionNum" type="float">
            <column name="Calificacion_Num" precision="12" not-null="true"/>
        </property>
        <property name="comentario" type="string">
            <column name="Comentario" length="65535"/>
        </property>
        <property name="fechaIngreso" type="timestamp">
            <column name="Fecha_Ingreso" length="19"/>
        </property>
        <property name="usuario" type="string">
            <column name="usuario" length="50"/>
        </property>
        <many-to-one name="persona" class="com.aprendoz_desarrollodb.data.Persona">
            <column name="Persona_Id_Persona" not-null="true"/>
        </many-to-one>
        <many-to-one name="aprendizaje" class="com.aprendoz_desarrollodb.data.Aprendizaje">
            <column name="Aprendizaje_Id_Aprendizaje" not-null="true"/>
        </many-to-one>
    </class>
</hibernate-mapping>