<!DOCTYPE hibernate-mapping PUBLIC "-//Hibernate/Hibernate Mapping DTD 3.0//EN" "http://hibernate.sourceforge.net/hibernate-mapping-3.0.dtd">
<hibernate-mapping>
    <class name="com.aprendoz_desarrollodb.data.AdministracionVistaAsignaturas" table="administracion_vista_asignaturas" catalog="aprendoz_desarrollo" dynamic-insert="false" dynamic-update="false">
        <composite-id name="id" class="com.aprendoz_desarrollodb.data.AdministracionVistaAsignaturasId">
            <key-property name="idAsignatura" type="integer">
                <column name="Id_Asignatura"/>
            </key-property>
            <key-property name="asignatura" type="string">
                <column name="Asignatura" length="300"/>
            </key-property>
            <key-property name="syIdSy" type="integer">
                <column name="SY_Id_SY"/>
            </key-property>
            <key-property name="grado" type="string">
                <column name="Grado" length="45"/>
            </key-property>
            <key-property name="idGrado" type="integer">
                <column name="Id_Grado"/>
            </key-property>
            <key-property name="subject" type="string">
                <column name="Subject" length="300"/>
            </key-property>
        </composite-id>
    </class>
</hibernate-mapping>