<!DOCTYPE hibernate-mapping PUBLIC "-//Hibernate/Hibernate Mapping DTD 3.0//EN" "http://hibernate.sourceforge.net/hibernate-mapping-3.0.dtd">
<hibernate-mapping>
    <class name="com.aprendoz_desarrollodb.data.CafeteriaGartinuras" table="cafeteria_gartinuras" catalog="aprendoz_desarrollo" dynamic-insert="false" dynamic-update="false">
        <id name="idGarnituras" type="integer">
            <column name="id_garnituras"/>
            <generator class="assigned"/>
        </id>
        <property name="garnitura" type="string">
            <column name="garnitura" not-null="true"/>
        </property>
        <property name="descripcion" type="string">
            <column name="descripcion"/>
        </property>
        <property name="imageLink" type="string">
            <column name="image_link"/>
        </property>
    </class>
</hibernate-mapping>