<!DOCTYPE hibernate-mapping PUBLIC "-//Hibernate/Hibernate Mapping DTD 3.0//EN" "http://hibernate.sourceforge.net/hibernate-mapping-3.0.dtd">
<hibernate-mapping>
    <class name="com.aprendoz_desarrollodb.data.SecretariaRetiroEstudiantes" table="secretaria_retiro_estudiantes" catalog="aprendoz_desarrollo" dynamic-insert="false" dynamic-update="false">
        <id name="idSecretariaRetirosAlumnos" type="integer">
            <column name="id_secretaria_retiros_alumnos"/>
            <generator class="identity"/>
        </id>
        <property name="personaIdPersona" type="integer">
            <column name="persona_id_persona" not-null="true"/>
        </property>
        <property name="checkDocencia" type="integer">
            <column name="check_docencia" not-null="true"/>
        </property>
        <property name="comentarioDocencia" type="string">
            <column name="comentario_docencia" length="65535" not-null="true"/>
        </property>
        <property name="usuarioDocencia" type="string">
            <column name="usuario_docencia" length="20" not-null="true"/>
        </property>
        <property name="checkFinanciera" type="boolean">
            <column name="check_financiera" not-null="true"/>
        </property>
        <property name="comentarioFinanciera" type="string">
            <column name="comentario_financiera" length="65535" not-null="true"/>
        </property>
        <property name="usuarioFinanciera" type="string">
            <column name="usuario_financiera" length="20" not-null="true"/>
        </property>
        <property name="checkSecretaria" type="boolean">
            <column name="check_secretaria" not-null="true"/>
        </property>
        <property name="comentarioSecretaria" type="string">
            <column name="comentario_secretaria" length="65535" not-null="true"/>
        </property>
        <property name="usuarioSecretaria" type="string">
            <column name="usuario_secretaria" length="20" not-null="true"/>
        </property>
        <property name="fechaRetiro" type="timestamp">
            <column name="fecha_retiro" length="19" not-null="true"/>
        </property>
        <property name="causaRetiro" type="string">
            <column name="causa_retiro" length="65535" not-null="true"/>
        </property>
        <property name="checkRetiro" type="boolean">
            <column name="check_retiro" not-null="true"/>
        </property>
        <property name="usuarioRetiro" type="string">
            <column name="usuario_retiro" length="20" not-null="true"/>
        </property>
        <property name="fechaCreacion" type="timestamp">
            <column name="fecha_creacion" length="19" not-null="true"/>
        </property>
        <property name="fechaActualizacion" type="timestamp">
            <column name="fecha_actualizacion" length="19" not-null="true"/>
        </property>
    </class>
</hibernate-mapping>