<!DOCTYPE hibernate-mapping PUBLIC "-//Hibernate/Hibernate Mapping DTD 3.0//EN" "http://hibernate.sourceforge.net/hibernate-mapping-3.0.dtd">
<hibernate-mapping>
    <class name="com.aprendoz_desarrollodb.data.ServiciosListadoServiciosAlumnos" table="servicios_listado_servicios_alumnos" catalog="aprendoz_desarrollo" dynamic-insert="false" dynamic-update="false">
        <composite-id name="id" class="com.aprendoz_desarrollodb.data.ServiciosListadoServiciosAlumnosId">
            <key-property name="idInscAlumCosto" type="integer">
                <column name="Id_Insc_Alum_Costo"/>
            </key-property>
            <key-property name="idPersona" type="integer">
                <column name="Id_Persona"/>
            </key-property>
            <key-property name="codigo" type="string">
                <column name="Codigo" length="45"/>
            </key-property>
            <key-property name="apellido1" type="string">
                <column name="Apellido1" length="45"/>
            </key-property>
            <key-property name="apellido2" type="string">
                <column name="Apellido2" length="45"/>
            </key-property>
            <key-property name="nombre1" type="string">
                <column name="Nombre1" length="45"/>
            </key-property>
            <key-property name="nombre2" type="string">
                <column name="Nombre2" length="45"/>
            </key-property>
            <key-property name="idCosto" type="integer">
                <column name="id_costo"/>
            </key-property>
            <key-property name="codigoProd" type="string">
                <column name="codigo_prod" length="6"/>
            </key-property>
            <key-property name="nombreProducto" type="string">
                <column name="nombre_producto" length="200"/>
            </key-property>
            <key-property name="descripcion" type="string">
                <column name="descripcion" length="65535"/>
            </key-property>
            <key-property name="inscrito" type="boolean">
                <column name="inscrito"/>
            </key-property>
            <key-property name="syIdSy" type="integer">
                <column name="SY_Id_SY"/>
            </key-property>
            <key-property name="schoolYear" type="string">
                <column name="School_year" length="45"/>
            </key-property>
            <key-property name="idSy" type="integer">
                <column name="Id_SY"/>
            </key-property>
            <key-property name="tipoDocumento" type="string">
                <column name="Tipo_Documento" length="45"/>
            </key-property>
            <key-property name="noDocumento" type="string">
                <column name="No_Documento" length="45"/>
            </key-property>
        </composite-id>
    </class>
</hibernate-mapping>