<!DOCTYPE hibernate-mapping PUBLIC "-//Hibernate/Hibernate Mapping DTD 3.0//EN" "http://hibernate.sourceforge.net/hibernate-mapping-3.0.dtd">
<hibernate-mapping>
    <class name="com.aprendoz_desarrollodb.data.VistaAsignaturaEstudiantes" table="vista_asignatura_estudiantes" catalog="aprendoz_desarrollo" dynamic-insert="false" dynamic-update="false">
        <composite-id name="id" class="com.aprendoz_desarrollodb.data.VistaAsignaturaEstudiantesId">
            <key-property name="idAsignatura" type="integer">
                <column name="Id_Asignatura"/>
            </key-property>
            <key-property name="asignatura" type="string">
                <column name="Asignatura" length="300"/>
            </key-property>
            <key-property name="idPersona" type="integer">
                <column name="Id_Persona"/>
            </key-property>
            <key-property name="codigo" type="string">
                <column name="Codigo" length="45"/>
            </key-property>
            <key-property name="apellido1" type="string">
                <column name="Apellido1" length="45"/>
            </key-property>
            <key-property name="apellido2" type="string">
                <column name="Apellido2" length="45"/>
            </key-property>
            <key-property name="nombre1" type="string">
                <column name="Nombre1" length="45"/>
            </key-property>
            <key-property name="nombre2" type="string">
                <column name="Nombre2" length="45"/>
            </key-property>
            <key-property name="calificacion" type="big_decimal">
                <column name="Calificacion" precision="10"/>
            </key-property>
            <key-property name="califChar" type="string">
                <column name="calif_char" length="10"/>
            </key-property>
            <key-property name="porcentaje" type="big_decimal">
                <column name="Porcentaje" precision="10"/>
            </key-property>
            <key-property name="esperados" type="integer">
                <column name="esperados"/>
            </key-property>
            <key-property name="logrados" type="integer">
                <column name="logrados"/>
            </key-property>
            <key-property name="curso" type="string">
                <column name="Curso" length="45"/>
            </key-property>
        </composite-id>
    </class>
</hibernate-mapping>